{
    "loss": 57.94248580932617,
    "accuracy": 0.5467625856399536
}