{
    "loss": 34.08732604980469,
    "accuracy": 0.5035971403121948
}